<?xml version="1.0" encoding="UTF-8"?>
<configurationDescriptor version="80">
  <logicalFolder name="root" displayName="root" projectFiles="true" kind="ROOT">
    <df name="seqc" root=".">
      <df name="CMakeFiles">
        <df name="CMakeRelink.dir">
        </df>
        <df name="CMakeTmp">
          <df name="CMakeFiles">
            <df name="cmTryCompileExec.dir">
            </df>
          </df>
        </df>
        <df name="CompilerIdC">
          <in>CMakeCCompilerId.c</in>
          <in>a.out</in>
        </df>
        <df name="CompilerIdCXX">
          <in>CMakeCXXCompilerId.cpp</in>
          <in>a.out</in>
        </df>
        <df name="seqc.dir">
        </df>
        <df name="seqc_test.dir">
        </df>
      </df>
      <df name="output">
      </df>
      <in>read_stats.cpp</in>
      <in>read_stats.h</in>
      <in>seqc.cpp</in>
      <in>seqc.h</in>
      <in>seqc_test.cpp</in>
    </df>
    <logicalFolder name="ExternalFiles"
                   displayName="Important Files"
                   projectFiles="false"
                   kind="IMPORTANT_FILES_FOLDER">
      <itemPath>CMakeLists.txt</itemPath>
      <itemPath>Makefile</itemPath>
    </logicalFolder>
  </logicalFolder>
  <sourceFolderFilter>^(nbproject)$</sourceFolderFilter>
  <sourceRootList>
    <Elem>.</Elem>
  </sourceRootList>
  <projectmakefile>Makefile</projectmakefile>
  <confs>
    <conf name="Default" type="0">
      <toolsSet>
        <remote-sources-mode>LOCAL_SOURCES</remote-sources-mode>
        <compilerSet>default</compilerSet>
      </toolsSet>
      <makefileType>
        <makeTool>
          <buildCommandWorkingDir>.</buildCommandWorkingDir>
          <buildCommand>${MAKE} -f Makefile</buildCommand>
          <cleanCommand>${MAKE} -f Makefile clean</cleanCommand>
          <executablePath></executablePath>
        </makeTool>
      </makefileType>
    </conf>
  </confs>
</configurationDescriptor>
