>>Kmer Content	pass
#Position	TTTT	NNNN	CAGC	GCTG	AAAA	CTGG
1	23	0	40	32	34	20
2	32	0	27	35	36	28
3	45	0	37	28	39	34
4	35	0	36	27	42	26
5	27	0	31	34	43	18
6	25	0	33	23	37	31
7	32	0	31	35	37	24
8	40	0	33	34	46	27
9	33	0	30	27	28	33
10	27	0	38	33	30	27
11	40	0	38	43	27	25
12	30	0	26	35	29	39
13	28	0	33	30	32	38
14	27	0	32	32	39	38
15	22	0	41	45	36	27
16	21	0	33	38	34	39
17	27	0	41	36	31	35
18	34	0	40	30	21	29
19	30	0	32	31	23	29
20	37	0	27	32	33	29
21	38	0	36	27	34	29
22	35	0	40	34	35	32
23	26	0	34	34	26	17
24	34	0	35	32	27	33
25	44	0	50	33	27	26
26	33	16	32	28	37	35
27	36	19	37	37	26	21
28	37	19	34	24	25	40
29	32	20	25	38	39	24
30	38	21	34	29	22	36
31	33	21	26	35	32	22
32	44	21	41	40	38	24
33	43	22	40	24	34	38
34	31	22	27	30	19	22
35	29	22	32	28	21	36
36	25	22	26	31	22	22
37	29	40	25	28	26	31
38	23	46	36	37	40	30
39	22	58	36	31	34	34
40	34	48	33	32	27	30
41	31	48	30	33	28	25
42	33	48	38	44	45	31
43	28	48	31	34	41	36
44	29	42	40	37	31	33
45	20	41	31	35	34	35
46	21	41	22	32	32	34
47	29	35	29	38	27	35
48	37	35	23	38	25	31
49	38	35	22	43	35	32
50	32	35	37	28	21	38
51	40	49	37	39	25	29
52	40	52	37	24	28	22
53	34	52	26	25	24	24
54	40	52	31	32	26	33
55	46	41	31	29	32	30
56	45	41	30	40	29	19
57	28	41	38	37	28	35
58	34	41	36	26	30	29
59	38	44	38	36	36	26
60	27	46	32	36	31	37
61	37	46	38	28	32	33
62	38	53	32	32	27	28
63	33	46	42	29	32	26
64	25	32	40	30	24	27
65	30	32	29	41	37	23
66	42	32	33	26	39	35
67	38	32	34	29	40	30
68	40	51	34	29	32	28
69	34	51	20	32	26	27
70	34	51	35	24	31	28
71	47	60	27	25	33	33
72	36	61	16	37	31	34
73	39	61	31	38	44	27
74	38	61	27	29	28	32
75	37	61	37	23	36	35
76	45	61	35	28	38	25
77	34	57	28	35	30	29
78	40	52	31	36	34	26
79	33	52	33	40	37	39
80	37	52	31	30	31	43
81	27	53	33	33	31	31
82	38	64	23	42	26	27
83	34	64	44	29	25	34
84	34	69	38	20	29	29
85	36	69	28	35	33	28
86	32	69	36	42	35	41
87	32	53	26	42	43	21
88	38	52	39	36	38	40
89	35	48	25	28	35	38
90	36	48	39	28	38	20
91	46	48	31	38	30	33
92	42	48	29	31	26	31
93	39	58	35	29	33	28
94	34	58	29	36	28	22
95	38	63	33	36	23	34
96	52	67	28	22	26	34
